url,name,type
http://www.tvmaze.com/shows/2/person-of-interest,Person of Interest,Scripted
http://www.tvmaze.com/shows/4/arrow,Arrow,Scripted
http://www.tvmaze.com/shows/1/under-the-dome,Under the Dome,Scripted
http://www.tvmaze.com/shows/3/bitten,Bitten,Scripted
http://www.tvmaze.com/shows/8/glee,Glee,Scripted
http://www.tvmaze.com/shows/5/true-detective,True Detective,Scripted
http://www.tvmaze.com/shows/7/homeland,Homeland,Scripted
http://www.tvmaze.com/shows/6/the-100,The 100,Scripted
http://www.tvmaze.com/shows/9/revenge,Revenge,Scripted
http://www.tvmaze.com/shows/10/grimm,Grimm,Scripted
http://www.tvmaze.com/shows/11/gotham,Gotham,Scripted
http://www.tvmaze.com/shows/12/lost-girl,Lost Girl,Scripted
http://www.tvmaze.com/shows/16/penny-dreadful,Penny Dreadful,Scripted
http://www.tvmaze.com/shows/13/the-flash,The Flash,Scripted
http://www.tvmaze.com/shows/18/the-amazing-race,The Amazing Race,Reality
http://www.tvmaze.com/shows/19/supernatural,Supernatural,Scripted
http://www.tvmaze.com/shows/20/the-strain,The Strain,Scripted
http://www.tvmaze.com/shows/15/constantine,Constantine,Scripted
http://www.tvmaze.com/shows/21/the-last-ship,The Last Ship,Scripted
http://www.tvmaze.com/shows/22/true-blood,True Blood,Scripted
http://www.tvmaze.com/shows/23/once-upon-a-time-in-wonderland,Once Upon a Time in Wonderland,Scripted
http://www.tvmaze.com/shows/24/hawaii-five-0,Hawaii Five-0,Scripted
http://www.tvmaze.com/shows/14/continuum,Continuum,Scripted
http://www.tvmaze.com/shows/25/hellsing,Hellsing,Animation
http://www.tvmaze.com/shows/28/californication,Californication,Scripted
http://www.tvmaze.com/shows/29/vikings,Vikings,Scripted
http://www.tvmaze.com/shows/30/american-horror-story,American Horror Story,Scripted
http://www.tvmaze.com/shows/31/marvels-agents-of-shield,Marvel's Agents of S.H.I.E.L.D.,Scripted
http://www.tvmaze.com/shows/27/berserk,Berserk,Animation
http://www.tvmaze.com/shows/26/hellsing-ultimate,Hellsing Ultimate,Animation
http://www.tvmaze.com/shows/32/fargo,Fargo,Scripted
http://www.tvmaze.com/shows/33/hemlock-grove,Hemlock Grove,Scripted
http://www.tvmaze.com/shows/35/the-killing,The Killing,Scripted
http://www.tvmaze.com/shows/34/helix,Helix,Scripted
http://www.tvmaze.com/shows/37/intruders,Intruders,Scripted
http://www.tvmaze.com/shows/38/z-nation,Z Nation,Scripted
http://www.tvmaze.com/shows/40/death-note,Death Note,Animation
http://www.tvmaze.com/shows/39/resurrection,Resurrection,Scripted
http://www.tvmaze.com/shows/42/sleepy-hollow,Sleepy Hollow,Scripted
http://www.tvmaze.com/shows/43/outlander,Outlander,Scripted
http://www.tvmaze.com/shows/41/last-man-standing,Last Man Standing,Scripted
http://www.tvmaze.com/shows/45/ncis-new-orleans,NCIS: New Orleans,Scripted
http://www.tvmaze.com/shows/46/forever,Forever,Scripted
http://www.tvmaze.com/shows/47/witches-of-east-end,Witches of East End,Scripted
http://www.tvmaze.com/shows/48/madam-secretary,Madam Secretary,Scripted
http://www.tvmaze.com/shows/49/brooklyn-nine-nine,Brooklyn Nine-Nine,Scripted
http://www.tvmaze.com/shows/50/the-lottery,The Lottery,Scripted
http://www.tvmaze.com/shows/51/the-knick,The Knick,Scripted
http://www.tvmaze.com/shows/52/how-to-get-away-with-murder,How to Get Away with Murder,Scripted
http://www.tvmaze.com/shows/53/nashville,Nashville,Scripted
http://www.tvmaze.com/shows/55/red-band-society,Red Band Society,Scripted
http://www.tvmaze.com/shows/44/scorpion,Scorpion,Scripted
http://www.tvmaze.com/shows/54/legends,Legends,Scripted
http://www.tvmaze.com/shows/56/chicago-pd,Chicago P.D.,Scripted
http://www.tvmaze.com/shows/57/black-ish,black-ish,Scripted
http://www.tvmaze.com/shows/58/new-girl,New Girl,Scripted
http://www.tvmaze.com/shows/59/chicago-fire,Chicago Fire,Scripted
http://www.tvmaze.com/shows/60/ncis,NCIS,Scripted
http://www.tvmaze.com/shows/61/orphan-black,Orphan Black,Scripted
http://www.tvmaze.com/shows/62/the-originals,The Originals,Scripted
http://www.tvmaze.com/shows/63/the-vampire-diaries,The Vampire Diaries,Scripted
http://www.tvmaze.com/shows/64/utopia,Utopia,Scripted
http://www.tvmaze.com/shows/65/bones,Bones,Scripted
http://www.tvmaze.com/shows/66/the-big-bang-theory,The Big Bang Theory,Scripted
http://www.tvmaze.com/shows/69/the-blacklist,The Blacklist,Scripted
http://www.tvmaze.com/shows/67/greys-anatomy,Grey's Anatomy,Scripted
http://www.tvmaze.com/shows/70/the-voice,The Voice,Reality
http://www.tvmaze.com/shows/71/dancing-with-the-stars,Dancing with the Stars,Reality
http://www.tvmaze.com/shows/72/ncis-los-angeles,NCIS: Los Angeles,Scripted
http://www.tvmaze.com/shows/73/the-walking-dead,The Walking Dead,Scripted
http://www.tvmaze.com/shows/74/hell-on-wheels,Hell on Wheels,Scripted
http://www.tvmaze.com/shows/68/castle,Castle,Scripted
http://www.tvmaze.com/shows/76/sons-of-anarchy,Sons of Anarchy,Scripted
http://www.tvmaze.com/shows/77/the-middle,The Middle,Scripted
http://www.tvmaze.com/shows/78/the-mysteries-of-laura,The Mysteries of Laura,Scripted
http://www.tvmaze.com/shows/79/the-goldbergs,The Goldbergs,Scripted
http://www.tvmaze.com/shows/80/modern-family,Modern Family,Scripted
http://www.tvmaze.com/shows/81/criminal-minds,Criminal Minds,Scripted
http://www.tvmaze.com/shows/82/game-of-thrones,Game of Thrones,Scripted
http://www.tvmaze.com/shows/83/the-simpsons,The Simpsons,Animation
http://www.tvmaze.com/shows/84/family-guy,Family Guy,Animation
http://www.tvmaze.com/shows/87/the-bridge,The Bridge,Scripted
http://www.tvmaze.com/shows/86/stalker,Stalker,Scripted
http://www.tvmaze.com/shows/75/the-mindy-project,The Mindy Project,Scripted
http://www.tvmaze.com/shows/88/reign,Reign,Scripted
http://www.tvmaze.com/shows/89/unforgettable,Unforgettable,Scripted
http://www.tvmaze.com/shows/90/haven,Haven,Scripted
http://www.tvmaze.com/shows/91/bad-judge,Bad Judge,Scripted
http://www.tvmaze.com/shows/92/a-to-z,A to Z,Scripted
http://www.tvmaze.com/shows/93/parenthood,Parenthood,Scripted
http://www.tvmaze.com/shows/96/manhattan-love-story,Manhattan Love Story,Scripted
http://www.tvmaze.com/shows/97/the-biggest-loser,The Biggest Loser,Reality
http://www.tvmaze.com/shows/98/scandal,Scandal,Scripted
http://www.tvmaze.com/shows/99/americas-next-top-model,America's Next Top Model,Reality
http://www.tvmaze.com/shows/100/blue-bloods,Blue Bloods,Scripted
http://www.tvmaze.com/shows/95/falling-skies,Falling Skies,Scripted
http://www.tvmaze.com/shows/101/the-good-wife,The Good Wife,Scripted
http://www.tvmaze.com/shows/102/boardwalk-empire,Boardwalk Empire,Scripted
http://www.tvmaze.com/shows/94/defiance,Defiance,Scripted
http://www.tvmaze.com/shows/103/law-order-special-victims-unit,Law & Order: Special Victims Unit,Scripted
http://www.tvmaze.com/shows/104/dominion,Dominion,Scripted
http://www.tvmaze.com/shows/107/bobs-burgers,Bob's Burgers,Animation
http://www.tvmaze.com/shows/105/from-dusk-till-dawn-the-series,From Dusk Till Dawn: The Series,Scripted
http://www.tvmaze.com/shows/106/justified,Justified,Scripted
http://www.tvmaze.com/shows/110/gracepoint,Gracepoint,Scripted
http://www.tvmaze.com/shows/111/once-upon-a-time,Once Upon a Time,Scripted
http://www.tvmaze.com/shows/112/south-park,South Park,Animation
http://www.tvmaze.com/shows/115/king-of-the-hill,King of the Hill,Animation
http://www.tvmaze.com/shows/114/survivor,Survivor,Reality
http://www.tvmaze.com/shows/116/the-mentalist,The Mentalist,Scripted
http://www.tvmaze.com/shows/117/star-wars-rebels,Star Wars Rebels,Animation
http://www.tvmaze.com/shows/108/mulaney,Mulaney,Scripted
http://www.tvmaze.com/shows/109/csi-crime-scene-investigation,CSI: Crime Scene Investigation,Scripted
http://www.tvmaze.com/shows/118/house,House,Scripted
http://www.tvmaze.com/shows/120/transparent,Transparent,Scripted
http://www.tvmaze.com/shows/122/nikita,Nikita,Scripted
http://www.tvmaze.com/shows/123/lost,Lost,Scripted
http://www.tvmaze.com/shows/125/selfie,Selfie,Scripted
http://www.tvmaze.com/shows/124/2-broke-girls,2 Broke Girls,Scripted
http://www.tvmaze.com/shows/127/the-affair,The Affair,Scripted
http://www.tvmaze.com/shows/128/jane-the-virgin,Jane the Virgin,Scripted
http://www.tvmaze.com/shows/130/two-and-a-half-men,Two and a Half Men,Scripted
http://www.tvmaze.com/shows/131/about-a-boy,About a Boy,Scripted
http://www.tvmaze.com/shows/126/mom,Mom,Scripted
http://www.tvmaze.com/shows/132/the-millers,The Millers,Scripted
http://www.tvmaze.com/shows/133/elementary,Elementary,Scripted
http://www.tvmaze.com/shows/136/the-mccarthys,The McCarthys,Scripted
http://www.tvmaze.com/shows/134/heroes,Heroes,Scripted
http://www.tvmaze.com/shows/137/cristela,Cristela,Scripted
http://www.tvmaze.com/shows/129/marry-me,Marry Me,Scripted
http://www.tvmaze.com/shows/139/girls,Girls,Scripted
http://www.tvmaze.com/shows/138/the-leftovers,The Leftovers,Scripted
http://www.tvmaze.com/shows/140/looking,Looking,Scripted
http://www.tvmaze.com/shows/141/getting-on,Getting On,Scripted
http://www.tvmaze.com/shows/142/veep,Veep,Scripted
http://www.tvmaze.com/shows/143/silicon-valley,Silicon Valley,Scripted
http://www.tvmaze.com/shows/144/the-comeback,The Comeback,Scripted
http://www.tvmaze.com/shows/147/nurse-jackie,Nurse Jackie,Scripted
http://www.tvmaze.com/shows/148/web-therapy,Web Therapy,Scripted
http://www.tvmaze.com/shows/149/masters-of-sex,Masters of Sex,Scripted
http://www.tvmaze.com/shows/150/shameless,Shameless,Scripted
http://www.tvmaze.com/shows/151/the-newsroom,The Newsroom,Scripted
http://www.tvmaze.com/shows/152/ray-donovan,Ray Donovan,Scripted
http://www.tvmaze.com/shows/146/episodes,Episodes,Scripted
http://www.tvmaze.com/shows/153/utopia,Utopia,Reality
http://www.tvmaze.com/shows/154/sanctuary,Sanctuary,Scripted
http://www.tvmaze.com/shows/145/house-of-lies,House of Lies,Scripted
http://www.tvmaze.com/shows/155/beauty-and-the-beast,Beauty and the Beast,Scripted
http://www.tvmaze.com/shows/156/twin-peaks,Twin Peaks,Scripted
http://www.tvmaze.com/shows/157/the-americans,The Americans,Scripted
http://www.tvmaze.com/shows/158/fringe,Fringe,Scripted
http://www.tvmaze.com/shows/160/weeds,Weeds,Scripted
http://www.tvmaze.com/shows/159/state-of-affairs,State of Affairs,Scripted
http://www.tvmaze.com/shows/162/carnivale,Carnivàle,Scripted
http://www.tvmaze.com/shows/163/human-target,Human Target,Scripted
http://www.tvmaze.com/shows/164/banshee,Banshee,Scripted
http://www.tvmaze.com/shows/165/bionic-woman,Bionic Woman,Scripted
http://www.tvmaze.com/shows/167/24,24,Scripted
http://www.tvmaze.com/shows/166/battlestar-galactica,Battlestar Galactica,Scripted
http://www.tvmaze.com/shows/168/chuck,Chuck,Scripted
http://www.tvmaze.com/shows/170/orange-is-the-new-black,Orange Is the New Black,Scripted
http://www.tvmaze.com/shows/169/breaking-bad,Breaking Bad,Scripted
http://www.tvmaze.com/shows/171/how-i-met-your-mother,How I Met Your Mother,Scripted
http://www.tvmaze.com/shows/174/parks-and-recreation,Parks and Recreation,Scripted
http://www.tvmaze.com/shows/172/suits,Suits,Scripted
http://www.tvmaze.com/shows/175/house-of-cards,House of Cards,Scripted
http://www.tvmaze.com/shows/161/dexter,Dexter,Scripted
http://www.tvmaze.com/shows/176/teen-wolf,Teen Wolf,Scripted
http://www.tvmaze.com/shows/178/the-legend-of-korra,The Legend of Korra,Animation
http://www.tvmaze.com/shows/177/pretty-little-liars,Pretty Little Liars,Scripted
http://www.tvmaze.com/shows/179/the-wire,The Wire,Scripted
http://www.tvmaze.com/shows/180/firefly,Firefly,Scripted
http://www.tvmaze.com/shows/181/extant,Extant,Scripted
http://www.tvmaze.com/shows/182/black-sails,Black Sails,Scripted
http://www.tvmaze.com/shows/183/tyrant,Tyrant,Scripted
http://www.tvmaze.com/shows/184/bojack-horseman,BoJack Horseman,Animation
http://www.tvmaze.com/shows/185/salem,Salem,Scripted
http://www.tvmaze.com/shows/186/turn-washingtons-spies,Turn: Washington's Spies,Scripted
http://www.tvmaze.com/shows/187/intelligence,Intelligence,Scripted
http://www.tvmaze.com/shows/188/believe,Believe,Scripted
http://www.tvmaze.com/shows/190/crisis,Crisis,Scripted
http://www.tvmaze.com/shows/189/star-crossed,Star-Crossed,Scripted
http://www.tvmaze.com/shows/193/dads,Dads,Scripted
http://www.tvmaze.com/shows/194/hannibal,Hannibal,Scripted
http://www.tvmaze.com/shows/196/the-following,The Following,Scripted
http://www.tvmaze.com/shows/195/bates-motel,Bates Motel,Scripted
http://www.tvmaze.com/shows/191/halt-and-catch-fire,Halt and Catch Fire,Scripted
http://www.tvmaze.com/shows/197/da-vincis-demons,Da Vinci's Demons,Scripted
http://www.tvmaze.com/shows/198/the-fosters,The Fosters,Scripted
http://www.tvmaze.com/shows/199/mistresses,Mistresses,Scripted
http://www.tvmaze.com/shows/201/devious-maids,Devious Maids,Scripted
http://www.tvmaze.com/shows/200/the-tomorrow-people,The Tomorrow People,Scripted
http://www.tvmaze.com/shows/202/almost-human,Almost Human,Scripted
http://www.tvmaze.com/shows/192/hello-ladies,Hello Ladies,Scripted
http://www.tvmaze.com/shows/203/the-carrie-diaries,The Carrie Diaries,Scripted
http://www.tvmaze.com/shows/204/stargate-sg-1,Stargate SG-1,Scripted
http://www.tvmaze.com/shows/205/graceland,Graceland,Scripted
http://www.tvmaze.com/shows/206/stargate-atlantis,Stargate Atlantis,Scripted
http://www.tvmaze.com/shows/207/stargate-universe,Stargate Universe,Scripted
http://www.tvmaze.com/shows/208/the-chair,The Chair,Reality
http://www.tvmaze.com/shows/210/doctor-who,Doctor Who,Scripted
http://www.tvmaze.com/shows/209/survivors-remorse,Survivor's Remorse,Scripted
http://www.tvmaze.com/shows/213/the-gates,The Gates,Scripted
http://www.tvmaze.com/shows/214/kingdom,Kingdom,Scripted
http://www.tvmaze.com/shows/215/american-dad,American Dad!,Animation
http://www.tvmaze.com/shows/212/alcatraz,Alcatraz,Scripted
http://www.tvmaze.com/shows/216/rick-and-morty,Rick and Morty,Animation
http://www.tvmaze.com/shows/217/hostages,Hostages,Scripted
http://www.tvmaze.com/shows/219/alphas,Alphas,Scripted
http://www.tvmaze.com/shows/218/being-human,Being Human,Scripted
http://www.tvmaze.com/shows/211/666-park-avenue,666 Park Avenue,Scripted
http://www.tvmaze.com/shows/220/crossing-lines,Crossing Lines,Scripted
http://www.tvmaze.com/shows/221/rectify,Rectify,Scripted
http://www.tvmaze.com/shows/222/happyland,Happyland,Scripted
http://www.tvmaze.com/shows/225/ravenswood,Ravenswood,Scripted
http://www.tvmaze.com/shows/224/twisted,Twisted,Scripted
http://www.tvmaze.com/shows/227/mob-city,Mob City,Scripted
http://www.tvmaze.com/shows/226/the-crazy-ones,The Crazy Ones,Scripted
http://www.tvmaze.com/shows/229/the-neighbors,The Neighbors,Scripted
http://www.tvmaze.com/shows/230/go-on,Go On,Scripted
http://www.tvmaze.com/shows/231/vegas,Vegas,Scripted
http://www.tvmaze.com/shows/232/the-river,The River,Scripted
http://www.tvmaze.com/shows/233/awake,Awake,Scripted
http://www.tvmaze.com/shows/234/missing,Missing,Scripted
http://www.tvmaze.com/shows/235/the-new-normal,The New Normal,Scripted
http://www.tvmaze.com/shows/236/gcb,GCB,Scripted
http://www.tvmaze.com/shows/237/revolution,Revolution,Scripted
http://www.tvmaze.com/shows/238/dallas,Dallas,Scripted
http://www.tvmaze.com/shows/241/benched,Benched,Scripted
http://www.tvmaze.com/shows/242/the-great-fire,The Great Fire,Scripted
http://www.tvmaze.com/shows/228/last-resort,Last Resort,Scripted
http://www.tvmaze.com/shows/243/conan,Conan,Talk Show
http://www.tvmaze.com/shows/244/strange-empire,Strange Empire,Scripted
http://www.tvmaze.com/shows/245/town-of-the-living-dead,Town of the Living Dead,Reality
http://www.tvmaze.com/shows/246/long-shadow,Long Shadow,Documentary
http://www.tvmaze.com/shows/247/the-colbert-report,The Colbert Report,Talk Show
http://www.tvmaze.com/shows/248/transporter-the-series,Transporter: The Series,Scripted
http://www.tvmaze.com/shows/240/cops,Cops,Reality
http://www.tvmaze.com/shows/239/anger-management,Anger Management,Scripted
http://www.tvmaze.com/shows/249/the-daily-show-with-jon-stewart,The Daily Show with Jon Stewart,Talk Show
